{
  "full_CRIT": {
    "runs": [
      [
        -156.87718336223008,
        42.72703448290116,
        32
      ],
      [
        -148.64310117300224,
        106.4458396945501,
        31
      ]
    ],
    "mean": -152.76014226761617,
    "std": 4.117041094613924,
    "mean_cx": 31.5
  },
  "no_trajectory_sig": {
    "runs": [
      [
        -16.130289279212004,
        105.06736062077266,
        33
      ],
      [
        -122.47066150089843,
        59.540093812786374,
        32
      ]
    ],
    "mean": -69.30047539005521,
    "std": 53.17018611084321,
    "mean_cx": 32.5
  },
  "no_criticality_growth": {
    "runs": [
      [
        0.046442268535882646,
        153.11104424336918,
        35
      ],
      [
        -55.54267764268803,
        116.20881634873757,
        31
      ]
    ],
    "mean": -27.74811768707607,
    "std": 27.794559955611955,
    "mean_cx": 33.0
  },
  "no_novelty_bonus": {
    "runs": [
      [
        -0.6953368986598993,
        93.35698245594294,
        32
      ],
      [
        -106.92425560703774,
        21.36012003286454,
        35
      ]
    ],
    "mean": -53.80979625284882,
    "std": 53.11445935418892,
    "mean_cx": 33.5
  },
  "no_soft_sharing": {
    "runs": [
      [
        60.78955550619981,
        159.32883321620253,
        32
      ],
      [
        -111.71671056902343,
        41.075775862982766,
        32
      ]
    ],
    "mean": -25.46357753141181,
    "std": 86.25313303761162,
    "mean_cx": 32.0
  },
  "no_robust_fitness": {
    "runs": [
      [
        -144.6071509938505,
        193.0837650833144,
        32
      ],
      [
        -141.36016177621832,
        87.30667906008436,
        31
      ]
    ],
    "mean": -142.9836563850344,
    "std": 1.6234946088160882,
    "mean_cx": 31.5
  },
  "no_intercluster_crossover": {
    "runs": [
      [
        -69.29298295715013,
        225.70814690992438,
        32
      ],
      [
        -93.51471896905163,
        61.23726056980034,
        32
      ]
    ],
    "mean": -81.40385096310088,
    "std": 12.11086800595075,
    "mean_cx": 32.0
  }
}