{
  "full": {
    "runs": [
      [
        -200.0,
        0.0,
        6
      ],
      [
        -123.8,
        4.445222154178573,
        8
      ]
    ],
    "mean": -161.9,
    "std": 38.1,
    "mean_cx": 7.0
  },
  "no_criticality_growth": {
    "runs": [
      [
        -200.0,
        0.0,
        6
      ],
      [
        -200.0,
        0.0,
        8
      ]
    ],
    "mean": -200.0,
    "std": 0.0,
    "mean_cx": 7.0
  },
  "no_functional_pruning": {
    "runs": [
      [
        -200.0,
        0.0,
        6
      ],
      [
        -123.8,
        4.445222154178573,
        8
      ]
    ],
    "mean": -161.9,
    "std": 38.1,
    "mean_cx": 7.0
  },
  "no_adaptive_rates": {
    "runs": [
      [
        -121.53333333333333,
        4.364503280888775,
        6
      ],
      [
        -118.8,
        3.166491223210111,
        8
      ]
    ],
    "mean": -120.16666666666666,
    "std": 1.3666666666666671,
    "mean_cx": 7.0
  },
  "no_novelty_bonus": {
    "runs": [
      [
        -200.0,
        0.0,
        6
      ],
      [
        -142.53333333333333,
        34.38384633645411,
        8
      ]
    ],
    "mean": -171.26666666666665,
    "std": 28.733333333333334,
    "mean_cx": 7.0
  },
  "no_soft_sharing": {
    "runs": [
      [
        -160.13333333333333,
        7.804841802083853,
        8
      ],
      [
        -131.06666666666666,
        27.297049087564186,
        6
      ]
    ],
    "mean": -145.6,
    "std": 14.533333333333331,
    "mean_cx": 7.0
  },
  "no_structural_novelty_bias": {
    "runs": [
      [
        -200.0,
        0.0,
        6
      ],
      [
        -123.8,
        4.445222154178573,
        8
      ]
    ],
    "mean": -161.9,
    "std": 38.1,
    "mean_cx": 7.0
  }
}